date,open,high,low,close,volume,changed,changep,adjclose,tradeval,tradevol
2018-06-22,186.12,186.15,184.70,184.92,27200447,-0.54,-0.29%,184.92,5039998405.88,124482
2018-06-21,187.25,188.35,184.94,185.46,25711898,-1.04,-0.56%,185.46,4786413439.36,157835
2018-06-20,186.35,187.20,185.73,186.50,20628701,0.81,0.44%,186.50,3847339335.79,145670
2018-06-19,185.14,186.33,183.45,185.69,33578455,-3.05,-1.62%,185.69,6217497838.91,232341
2018-06-18,187.88,189.22,187.20,188.74,18484865,-0.10,-0.05%,188.74,3486269532.35,134391
2018-06-15,190.03,190.16,188.26,188.84,61719160,-1.96,-1.03%,188.84,11669824888.98,210548
2018-06-14,191.55,191.57,190.22,190.80,21610074,0.10,0.05%,190.80,4125204876.03,143598
2018-06-13,192.42,192.88,190.44,190.70,21638393,-1.58,-0.82%,190.70,4145358369.22,138320
2018-06-12,191.385,192.611,191.15,192.28,16911141,1.05,0.55%,192.28,3243376841.62,118184
2018-06-11,191.35,191.97,190.21,191.23,18308460,-0.47,-0.25%,191.23,3500337326.70,132601
2018-06-08,191.17,192.00,189.77,191.70,26656799,-1.76,-0.91%,191.70,5090023456.56,176202
2018-06-07,194.14,194.20,192.335,193.46,21347180,-0.52,-0.27%,193.46,4126191042.71,142645
2018-06-06,193.63,194.08,191.92,193.98,20933619,0.67,0.35%,193.98,4045388105.82,132990
2018-06-05,193.065,193.94,192.36,193.31,21565963,1.48,0.77%,193.31,4166497145.63,149332
2018-06-04,191.635,193.42,191.35,191.83,26266174,1.59,0.84%,191.83,5049504268.25,181278
2018-06-01,187.9912,190.26,187.75,190.24,23442510,3.37,1.80%,190.24,4442209762.26,160825
2018-05-31,187.22,188.23,186.14,186.87,27482793,-0.63,-0.34%,186.87,5142663526.51,151559
2018-05-30,187.72,188.00,186.78,187.50,18690547,-0.40,-0.21%,187.50,3500362726.43,132234
2018-05-29,187.60,188.75,186.87,187.90,22514075,-0.68,-0.36%,187.90,4225303967.46,161045
2018-05-25,188.23,189.65,187.65,188.58,17460963,0.43,0.23%,188.58,3297883790.92,122854
2018-05-24,188.77,188.84,186.21,188.15,23233975,-0.21,-0.11%,188.15,4362792090.25,132054
2018-05-23,186.35,188.50,185.76,188.36,20058415,1.20,0.64%,188.36,3752331605.44,137623
2018-05-22,188.375,188.88,186.78,187.16,15240704,-0.47,-0.25%,187.16,2858922780.94,104401
2018-05-21,188.00,189.27,186.9106,187.63,18400787,1.32,0.71%,187.63,3460775728.27,129167
2018-05-18,187.19,187.8102,186.13,186.31,18297728,-0.68,-0.36%,186.31,3420475097.81,116592
2018-05-17,188.00,188.91,186.36,186.99,17294029,-1.19,-0.63%,186.99,3244282726.32,116033
2018-05-16,186.07,188.46,186.00,188.18,19183064,1.74,0.93%,188.18,3599714313.49,126071
2018-05-15,186.78,187.07,185.10,186.44,23695159,-1.71,-0.91%,186.44,4409810407.83,171235
2018-05-14,189.01,189.53,187.86,188.15,20778772,-0.44,-0.23%,188.15,3920087219.80,127761
2018-05-11,189.49,190.06,187.45,188.59,26212221,-0.72,-0.38%,188.59,4947507094.02,157659
2018-05-10,187.74,190.37,187.65,190.04,27989289,2.67,1.43%,189.3101,5299265098.08,185513
2018-05-09,186.55,187.40,185.22,187.36,23211241,1.305,0.70%,186.6404,4326938810.43,161106
2018-05-08,184.99,186.22,183.665,186.05,28402777,0.887,0.48%,185.3354,5260952938.57,180010
2018-05-07,185.18,187.67,184.75,185.16,42451423,1.325,0.72%,184.4488,7905891646.11,267447
2018-05-04,178.25,184.25,178.17,183.83,56201317,6.913,3.92%,183.1239,10260486619.89,370771
2018-05-03,175.88,177.50,174.4411,176.89,34068180,0.319,0.18%,176.2106,5998725441.01,246062
2018-05-02,175.225,177.75,173.80,176.57,66539371,7.441,4.42%,175.8918,11717105480.42,437601
2018-05-01,166.4102,169.20,165.27,169.10,53569376,3.825,2.32%,168.4505,8980133630.28,353863
2018-04-30,162.1302,167.26,161.84,165.26,42427424,2.929,1.81%,164.6252,7023857667.26,264805
2018-04-27,164.00,164.33,160.63,162.32,35655839,-1.893,-1.16%,161.6965,5785546850.57,253204
2018-04-26,164.12,165.73,163.37,164.22,27963014,0.568,0.35%,163.5892,4597480895.59,195096
2018-04-25,162.62,165.42,162.41,163.65,28382084,0.707,0.44%,163.0214,4660847849.88,204097
2018-04-24,165.67,166.33,161.2201,162.94,33692017,-2.291,-1.39%,162.3141,5512059768.65,258898
2018-04-23,166.8348,166.92,164.09,165.24,36515477,-0.478,-0.29%,164.6053,6046306881.11,238211
2018-04-20,170.595,171.2184,165.43,165.72,65491140,-7.053,-4.10%,165.0835,10940751148.28,402200
2018-04-19,174.95,175.39,172.66,172.80,34808800,-5.021,-2.83%,172.1363,6043657989.37,230448
2018-04-18,177.81,178.82,176.88,177.84,20754538,-0.398,-0.22%,177.1569,3692994811.17,136338
2018-04-17,176.49,178.9365,176.41,178.24,26605442,2.411,1.38%,177.5554,4734826178.22,168081
2018-04-16,175.0301,176.19,174.8301,175.82,21578420,1.086,0.62%,175.1447,3789828736.97,155498
2018-04-13,174.78,175.84,173.85,174.73,25124255,0.588,0.34%,174.0589,4393624318.15,156694
2018-04-12,173.41,175.00,173.04,174.14,22889285,1.693,0.99%,173.4711,3990959160.76,151617
2018-04-11,172.23,173.9232,171.70,172.44,22431640,-0.807,-0.47%,171.7777,3874855603.10,157149
2018-04-10,173.00,174.00,171.53,173.25,28614241,3.188,1.88%,172.5845,4950592585.09,202124
2018-04-09,169.88,173.09,169.845,170.05,29017718,1.664,0.99%,169.3968,4978135801.22,199535
2018-04-06,170.97,172.48,168.20,168.38,35005290,-4.403,-2.56%,167.7333,5945869914.96,251952
2018-04-05,172.58,174.2304,172.08,172.80,26933197,1.185,0.69%,172.1363,4665819488.46,189685
2018-04-04,164.88,172.01,164.77,171.61,34605489,3.208,1.91%,170.9508,5854467485.28,240829
2018-04-03,167.64,168.7455,164.88,168.39,30278046,1.703,1.03%,167.7432,5053415990.27,208592
2018-04-02,167.88,168.94,164.47,166.68,37586791,-1.096,-0.66%,166.0398,6252058756.74,291907
2018-03-29,167.805,171.75,166.90,167.78,38398505,1.295,0.78%,167.1356,6497364415.26,219100
2018-03-28,167.25,170.02,165.19,166.48,41668545,-1.853,-1.10%,165.8406,6966573747.32,305623
2018-03-27,173.68,175.15,166.92,168.34,40922579,-4.413,-2.56%,167.6934,7019766143.72,276951
2018-03-26,168.07,173.10,166.44,172.77,37541236,7.80,4.75%,172.1064,6383519803.26,232076
2018-03-23,168.39,169.92,164.94,164.94,41028784,-3.895,-2.32%,164.3065,6875627583.53,284669
2018-03-22,170.00,172.68,168.60,168.85,41490767,-2.411,-1.41%,168.2014,7060358642.75,289764
2018-03-21,175.04,175.09,171.26,171.27,37054935,-3.955,-2.27%,170.6122,6415684516.63,238351
2018-03-20,175.24,176.80,174.94,175.24,19649350,-0.06,-0.03%,174.5669,3453049067.87,135304
2018-03-19,177.32,177.47,173.66,175.30,33446771,-2.71,-1.53%,174.6267,5860883167.60,245572
2018-03-16,178.65,179.12,177.62,178.02,39404688,-0.628,-0.35%,177.3362,7027364242.45,142734
2018-03-15,178.50,180.24,178.0701,178.65,22743798,0.209,0.12%,177.9638,4072556666.90,151399
2018-03-14,180.32,180.52,177.81,178.44,29368356,-1.524,-0.85%,177.7546,5249942178.65,211947
2018-03-13,182.59,183.50,179.24,179.97,31693529,-1.743,-0.96%,179.2787,5755102139.49,216672
2018-03-12,180.29,182.39,180.21,181.72,32207081,1.733,0.97%,181.022,5850643001.50,195343
2018-03-09,177.96,180.00,177.39,179.98,32185162,3.028,1.72%,179.2887,5765825748.22,204162
2018-03-08,175.48,177.12,175.07,176.94,23774107,1.903,1.09%,176.2604,4188726533.48,156528
2018-03-07,174.94,175.85,174.27,175.03,31703462,-1.634,-0.93%,174.3577,5550274271.69,206267
2018-03-06,177.91,178.25,176.13,176.67,23788506,-0.149,-0.08%,175.9914,4211620415.72,167013
2018-03-05,175.21,177.74,174.52,176.82,28401366,0.608,0.35%,176.1408,5013444372.42,183246
2018-03-02,172.80,176.30,172.45,176.21,38453950,1.205,0.69%,175.5332,6720516626.56,249160
2018-03-01,178.54,179.775,172.66,175.00,48801970,-3.108,-1.75%,174.3278,8593484922.32,345194
2018-02-28,179.26,180.615,178.05,178.12,37782138,-0.269,-0.15%,177.4358,6776426468.94,195756
2018-02-27,179.10,180.48,178.16,178.39,38928125,-0.578,-0.32%,177.7048,6979569161.37,259222
2018-02-26,176.35,179.39,176.21,178.97,38162174,3.457,1.98%,178.2826,6807044219.64,248928
2018-02-23,173.67,175.65,173.54,175.50,33812360,2.988,1.74%,174.8259,5905614117.94,215226
2018-02-22,171.80,173.95,171.71,172.50,30991940,1.425,0.84%,171.8374,5359699770.65,213689
2018-02-21,172.83,174.12,171.01,171.07,37471623,-0.777,-0.45%,170.4129,6481469553.10,246559
2018-02-20,172.05,174.26,171.42,171.85,33930540,-0.578,-0.34%,171.1899,5868243597.63,232826
2018-02-16,172.36,174.82,171.77,172.43,40176091,-0.558,-0.32%,171.7677,6968445155.17,255882
2018-02-15,169.79,173.09,169.00,172.99,51147171,5.598,3.36%,172.3255,8771286611.42,332581
2018-02-14,163.045,167.54,162.88,167.37,40644933,3.018,1.84%,166.7271,6730420061.78,270798
2018-02-13,161.95,164.75,161.65,164.34,32549163,1.624,1.00%,163.7088,5316866944.90,219160
2018-02-12,158.50,163.89,157.51,162.71,60819539,6.276,4.03%,162.085,9821337490.24,362868
2018-02-09,157.07,157.89,150.24,156.41,70672608,1.883,1.22%,155.8092,10944003319.55,442048
2018-02-08,160.29,161.00,155.03,155.15,54390516,-4.355,-2.75%,153.9264,8648089270.08,366254
2018-02-07,163.085,163.40,159.0685,159.54,51608580,-3.462,-2.14%,158.2818,8313000862.64,341993
2018-02-06,154.83,163.72,154.00,163.03,68243838,6.488,4.18%,161.7443,10892210630.19,507004
2018-02-05,159.10,163.88,156.00,156.49,72738522,-3.978,-2.50%,155.2559,11677323176.18,528531
2018-02-02,166.00,166.80,160.10,160.50,86593825,-7.223,-4.34%,159.2342,14091238309.32,604136
2018-02-01,167.165,168.62,166.76,167.78,47230787,0.347,0.21%,166.4568,7915977999.54,309299
2018-01-31,166.87,168.4417,166.50,167.43,32478930,0.456,0.28%,166.1096,5435185111.78,225338
2018-01-30,165.525,167.37,164.70,166.97,46048185,-0.982,-0.59%,165.6532,7653850857.33,310900
2018-01-29,170.16,170.16,167.07,167.96,50640406,-3.522,-2.07%,166.6354,8523646078.18,336856
2018-01-26,172.00,172.00,170.06,171.51,39143011,0.397,0.23%,170.1574,6695017117.71,243621
2018-01-25,174.505,174.95,170.53,171.11,41529004,-3.085,-1.79%,169.7606,7154021117.09,293744
2018-01-24,177.25,177.30,173.20,174.22,51105090,-2.798,-1.59%,172.846,8933749825.88,326254
2018-01-23,177.30,179.44,176.82,177.04,32689146,0.04,0.02%,175.6438,5817958470.09,211200
2018-01-22,177.30,177.78,176.6016,177.00,27108551,-1.448,-0.82%,175.6041,4801288504.16,163851
2018-01-19,178.61,179.58,177.41,178.46,32425067,-0.794,-0.45%,177.0526,5784962558.78,160571
2018-01-18,179.37,180.10,178.25,179.26,31193352,0.159,0.09%,177.8463,5595360106.99,185125
2018-01-17,176.15,179.25,175.07,179.10,34386836,2.887,1.65%,177.6875,6094934394.84,218165
2018-01-16,177.90,179.39,176.14,176.19,29565947,-0.893,-0.51%,174.8005,5248325403.37,195541
2018-01-12,176.18,177.36,175.65,177.09,25418080,1.796,1.03%,175.6934,4491318562.04,151956
2018-01-11,174.59,175.4886,174.49,175.28,18667729,0.982,0.57%,173.8977,3269399469.27,117867
2018-01-10,173.16,174.30,173.00,174.29,23959895,-0.04,-0.02%,172.9155,4160056224.81,151204
2018-01-09,174.55,175.06,173.41,174.33,21583997,-0.02,-0.01%,172.9552,3762175718.05,154010
2018-01-08,174.35,175.61,173.93,174.35,20567766,-0.645,-0.37%,172.975,3591714031.95,138847
2018-01-05,173.44,175.37,173.05,175.00,23660018,1.954,1.14%,173.6199,4132742640.44,152177
2018-01-04,172.54,173.47,172.08,173.03,22434597,0.794,0.46%,171.6654,3880544122.65,153152
2018-01-03,172.53,174.55,171.96,172.23,29517899,-0.03,-0.02%,170.8717,5109963456.63,188339
2018-01-02,170.16,172.30,169.26,172.26,25555934,3.006,1.79%,170.9015,4378032466.43,177088
2017-12-29,170.52,170.59,169.22,169.23,25999922,-1.835,-1.08%,167.8954,4413444249.63,144384
2017-12-28,171.00,171.85,170.48,171.08,16480187,0.476,0.28%,169.7308,2820704590.58,108710
2017-12-27,170.10,170.78,169.71,170.60,21498213,0.03,0.02%,169.2546,3659977826.48,134253
2017-12-26,170.80,171.47,169.679,170.57,33185536,-4.405,-2.54%,169.2248,5655956253.13,222441
2017-12-22,174.68,175.424,174.50,175.01,16349444,0.00,0.00%,173.6298,2861571916.09,97114
2017-12-21,174.17,176.02,174.10,175.01,20949896,0.655,0.38%,173.6298,3671282715.18,117957
2017-12-20,174.87,175.42,173.25,174.35,23475649,-0.189,-0.11%,172.975,4090309822.77,142781
2017-12-19,175.03,175.39,174.09,174.54,27436447,-1.865,-1.07%,173.1635,4790566838.19,166256
2017-12-18,174.88,177.20,174.86,176.42,29421114,2.431,1.41%,175.0287,5189354429.39,163234
2017-12-15,173.63,174.17,172.46,173.97,40169307,1.736,1.02%,172.598,6970335092.12,155582
2017-12-14,172.40,173.13,171.65,172.22,20476541,-0.05,-0.03%,170.8618,3527657387.06,138965
2017-12-13,172.50,173.54,172.00,172.27,23818447,0.566,0.33%,170.9114,4114945239.59,137312
2017-12-12,172.15,172.39,171.461,171.70,19409230,-0.962,-0.56%,170.3459,3336393746.85,129481
2017-12-11,169.20,172.89,168.79,172.67,35273759,3.274,1.95%,171.3083,6056778709.05,177590
2017-12-08,170.49,171.00,168.82,169.37,23355231,0.05,0.03%,168.0343,3964955185.05,130139
2017-12-07,169.03,170.44,168.91,169.32,25673308,0.308,0.18%,167.9847,4354963980.57,161097
2017-12-06,167.50,170.2047,166.46,169.01,28560000,-0.625,-0.37%,167.6771,4824935225.04,179986
2017-12-05,169.06,171.52,168.40,169.64,27350154,-0.159,-0.09%,168.3022,4655118247.19,172743
2017-12-04,172.48,172.62,169.63,169.80,32542385,-1.24,-0.73%,168.4609,5564177106.65,208566
2017-12-01,169.95,171.67,168.50,171.05,39759288,-0.794,-0.47%,169.701,6775743230.62,230319
2017-11-30,170.43,172.14,168.44,171.85,41527218,2.351,1.40%,170.4947,7104288046.45,194001
2017-11-29,172.63,172.92,167.16,169.48,41666364,-3.562,-2.07%,168.1434,7058345602.81,285317
2017-11-28,174.30,174.87,171.86,173.07,26428802,-1.012,-0.59%,171.7051,4577506511.02,140184
2017-11-27,175.05,175.08,173.34,174.09,20716802,-0.873,-0.50%,172.7171,3609811035.22,118217
2017-11-24,175.10,175.50,174.6459,174.97,14026673,0.01,0.01%,173.5901,2455973461.88,64847
2017-11-22,173.36,175.00,173.05,174.96,25588925,1.806,1.05%,173.5802,4458891650.36,130437
2017-11-21,170.78,173.70,170.78,173.14,25131295,3.135,1.86%,171.7745,4345402810.32,137407
2017-11-20,170.29,170.56,169.56,169.98,16262447,-0.169,-0.10%,168.6395,2764430305.38,95572
2017-11-17,171.04,171.39,169.64,170.15,21899544,-0.943,-0.56%,168.8081,3731049137.98,130140
2017-11-16,171.18,171.87,170.30,171.10,23637484,2.004,1.19%,169.7506,4045965118.75,133303
2017-11-15,169.97,170.3197,168.38,169.08,29158070,-2.242,-1.32%,167.7466,4937184546.08,175239
2017-11-14,173.04,173.48,171.18,171.34,24782487,-2.609,-1.51%,169.9887,4268916046.40,154293
2017-11-13,173.50,174.50,173.40,173.97,16982080,-0.694,-0.40%,172.598,2955012749.94,113779
2017-11-10,175.11,175.38,174.27,174.67,25145500,-0.575,-0.33%,173.2925,4396497155.23,114343
2017-11-09,175.11,176.095,173.14,175.88,29185668,-0.356,-0.20%,173.8679,5108714808.67,166814
2017-11-08,174.66,176.24,174.33,176.24,24409527,1.414,0.82%,174.2238,4282320738.65,135164
2017-11-07,173.91,175.25,173.60,174.81,24361485,0.554,0.32%,172.8101,4253689538.70,145915
2017-11-06,172.365,174.99,171.72,174.25,35026306,1.73,1.01%,172.2566,6093705789.51,194182
2017-11-03,174.00,174.26,171.12,172.50,59398631,4.34,2.61%,170.5266,10251544267.00,336013
2017-11-02,167.64,168.50,165.28,168.11,41393373,1.206,0.73%,166.1868,6926187075.27,249912
2017-11-01,169.87,169.94,165.61,166.89,33637762,-2.125,-1.27%,164.9808,5622796296.64,209941
2017-10-31,167.90,169.6499,166.94,169.04,36046828,2.293,1.39%,167.1062,6076775093.32,199384
2017-10-30,163.89,168.07,163.72,166.72,44700772,3.628,2.25%,164.8127,7439362902.94,267201
2017-10-27,159.29,163.60,158.70,163.05,44454160,5.575,3.58%,161.1847,7188222068.59,269617
2017-10-26,157.23,157.8295,156.78,157.41,17000469,0.989,0.64%,155.6092,2676618628.15,101044
2017-10-25,156.91,157.55,155.27,156.41,21207098,-0.682,-0.44%,154.6206,3315979591.91,130542
2017-10-24,156.29,157.42,156.20,157.10,17757230,0.919,0.60%,155.3028,2786724142.30,109317
2017-10-23,156.89,157.69,155.50,156.17,21984327,-0.079,-0.05%,154.3834,3442040768.69,128360
2017-10-20,156.61,157.75,155.96,156.25,23974146,0.267,0.17%,154.4625,3760913970.30,133530
2017-10-19,156.75,157.08,155.02,155.98,42584166,-3.737,-2.37%,154.1956,6633831387.85,243468
2017-10-18,160.42,160.71,159.60,159.76,16374164,-0.702,-0.44%,157.9323,2621274811.08,99901
2017-10-17,159.78,160.87,159.23,160.47,18997275,0.583,0.37%,158.6342,3040281014.15,112847
2017-10-16,157.90,160.00,157.65,159.88,24121452,2.857,1.84%,158.0509,3841993378.58,147314
2017-10-13,156.73,157.28,156.41,156.99,16394188,0.979,0.63%,155.194,2572396120.32,102173
2017-10-12,156.35,157.37,155.7299,156.00,16125054,-0.544,-0.35%,154.2153,2524804195.13,110707
2017-10-11,155.97,156.98,155.75,156.55,16905640,0.643,0.42%,154.759,2646084922.82,104337
2017-10-10,156.055,158.00,155.10,155.90,15617014,0.059,0.04%,154.1165,2433551956.45,103893
2017-10-09,155.81,156.73,155.485,155.84,16262923,0.534,0.35%,154.0572,2536896032.68,101898
2017-10-06,154.97,155.49,154.56,155.30,17407558,-0.089,-0.06%,153.5233,2698738523.79,98628
2017-10-05,154.18,155.44,154.05,155.39,21283769,1.888,1.24%,153.6123,3299936281.84,133116
2017-10-04,153.63,153.86,152.46,153.48,20163750,-0.989,-0.65%,151.7242,3091720047.06,134381
2017-10-03,154.01,155.09,153.91,154.48,16230293,0.662,0.44%,152.7127,2508209533.19,105128
2017-10-02,154.26,154.45,152.72,153.81,18698842,-0.306,-0.20%,152.0504,2871776886.72,131394
2017-09-29,153.21,154.13,152.00,154.12,26299810,0.83,0.55%,152.3568,4035136532.51,152681
2017-09-28,153.89,154.28,152.70,153.28,22005455,-0.939,-0.62%,151.5265,3371171670.13,146454
2017-09-27,153.80,154.7189,153.54,154.23,25504227,1.078,0.71%,152.4656,3933530370.94,157873
2017-09-26,151.78,153.92,151.69,153.14,36660045,2.56,1.72%,151.3881,5602801858.83,222994
2017-09-25,149.99,151.83,149.16,150.55,44387336,-1.325,-0.88%,148.8277,6676081665.43,276754
2017-09-22,152.02,152.27,150.56,151.89,46645443,-1.483,-0.98%,150.1524,7062039187.00,288350
2017-09-21,155.80,155.80,152.75,153.39,37511661,-2.649,-1.72%,151.6352,5769654023.89,235915
2017-09-20,157.90,158.26,153.83,156.07,52951364,-2.63,-1.68%,154.2845,8242780085.69,311284
2017-09-19,159.51,159.77,158.44,158.73,20810632,0.059,0.04%,156.9141,3308774656.02,128003
2017-09-18,160.11,160.50,157.995,158.67,28269435,-1.196,-0.76%,156.8548,4500584627.27,161816
2017-09-15,158.47,160.97,158.00,159.88,49114602,1.582,1.01%,158.0509,7839696346.25,200741
2017-09-14,158.99,159.40,158.09,158.28,23760749,-1.354,-0.86%,156.4693,3771416259.87,144783
2017-09-13,159.87,159.96,157.91,159.65,44907361,-1.196,-0.75%,157.8236,7138611116.92,280399
2017-09-12,162.61,163.96,158.77,160.86,71714046,-0.633,-0.40%,159.0197,11577207072.41,460447
2017-09-11,160.50,162.05,159.89,161.50,31580798,2.837,1.81%,159.6524,5094548013.68,200570
2017-09-08,160.86,161.15,158.53,158.63,28611535,-2.60,-1.63%,156.8152,4564538375.07,167832
2017-09-07,162.09,162.24,160.36,161.26,21928502,-0.643,-0.40%,159.4152,3539237351.37,151309
2017-09-06,162.71,162.99,160.52,161.91,21651726,-0.168,-0.10%,160.0577,3502180797.43,139112
2017-09-05,163.75,164.25,160.56,162.08,29536314,-1.947,-1.20%,160.2258,4795882043.65,202244
2017-09-01,164.80,164.94,163.63,164.05,16591051,0.049,0.03%,162.1732,2722942884.15,114949
2017-08-31,163.64,164.52,163.48,164.00,26785096,0.643,0.40%,162.1238,4392055929.80,153320
2017-08-30,163.80,163.89,162.61,163.35,27269584,0.435,0.27%,161.4813,4450822059.70,159713
2017-08-29,160.10,163.12,160.00,162.91,29516910,1.424,0.89%,161.0463,4787621313.69,174463
2017-08-28,160.14,162.00,159.93,161.47,25965972,1.592,1.01%,159.6228,4187087247.68,136234
2017-08-25,159.65,160.56,159.27,159.86,25480063,0.583,0.37%,158.0312,4075143505.52,127154
2017-08-24,160.43,160.74,158.55,159.27,19818918,-0.702,-0.44%,157.4479,3159522434.12,139812
2017-08-23,159.07,160.47,158.88,159.98,19399081,0.198,0.13%,158.1498,3101148049.14,116338
2017-08-22,158.23,160.00,158.02,159.78,21604585,2.541,1.63%,157.9521,3446390124.07,131572
2017-08-21,157.50,157.89,155.1101,157.21,26368528,-0.287,-0.18%,155.4115,4129875402.14,160303
2017-08-18,157.86,159.50,156.72,157.50,27428069,-0.356,-0.23%,155.6982,4338550368.53,172441
2017-08-17,160.52,160.71,157.84,157.86,27940565,-3.055,-1.92%,156.0541,4439981370.62,184574
2017-08-16,161.94,162.51,160.15,160.95,27671612,-0.643,-0.40%,159.1087,4465909949.29,171496
2017-08-15,160.66,162.195,160.14,161.60,29465487,1.73,1.09%,159.7513,4755945112.37,162168
2017-08-14,159.32,160.21,158.75,159.85,22122734,2.343,1.50%,158.0213,3529762094.89,134860
2017-08-11,156.60,158.5728,156.07,157.48,26257096,2.135,1.39%,155.6784,4135648140.78,174119
2017-08-10,159.90,160.00,154.63,155.32,40804273,-5.051,-3.19%,153.5431,6420180425.60,257034
2017-08-09,159.26,161.27,159.11,161.06,26131530,0.965,0.61%,158.5946,4193306262.64,165502
2017-08-08,158.60,161.83,158.27,160.08,36205896,1.251,0.80%,157.6296,5811722959.99,219344
2017-08-07,157.06,158.92,156.6701,158.81,21870321,2.383,1.55%,156.379,3455108500.93,129565
2017-08-04,156.07,157.40,155.69,156.39,20559852,0.807,0.53%,153.9961,3216307154.87,130145
2017-08-03,157.05,157.21,155.02,155.57,27097296,-1.546,-1.00%,153.1886,4224783642.15,166577
2017-08-02,159.28,159.75,156.16,157.14,69936800,-1.428,-0.91%,154.7346,11037392975.64,398107
2017-08-01,157.06,158.92,156.6701,158.59,21194042,9.709,6.63%,156.1624,3348268856.37,128991
2017-07-31,149.90,150.33,148.13,148.73,19845920,-0.758,-0.52%,146.4533,2955169498.37,132516
2017-07-28,149.89,150.23,149.19,149.50,17213653,-1.044,-0.70%,147.2115,2576862922.30,119585
2017-07-27,153.75,153.99,147.30,150.56,32476337,-2.856,-1.89%,148.2553,4903166096.33,218587
2017-07-26,153.35,153.93,153.06,153.46,15780951,0.709,0.47%,151.1109,2422399602.58,93659
2017-07-25,151.80,153.84,151.80,152.74,18853932,0.64,0.43%,150.4019,2887239090.77,124159
2017-07-24,150.58,152.44,149.90,152.09,21493160,1.792,1.21%,149.7619,3257705343.81,126525
2017-07-21,149.99,150.44,148.88,150.27,26252630,-0.069,-0.05%,147.9698,3935829153.09,122871
2017-07-20,151.50,151.74,150.19,150.34,17243748,-0.67,-0.45%,148.0387,2599449228.85,106632
2017-07-19,150.48,151.42,149.95,151.02,20922969,0.926,0.63%,148.7083,3155754482.87,121901
2017-07-18,149.20,150.13,148.67,150.08,17868792,0.512,0.35%,147.7827,2670226953.00,117810
2017-07-17,148.82,150.90,148.57,149.56,23793456,0.512,0.35%,147.2706,3566040982.09,142958
2017-07-14,147.97,149.33,147.33,149.04,20132061,1.251,0.86%,146.7586,2987981408.43,126771
2017-07-13,145.50,148.49,145.44,147.77,25199373,1.999,1.39%,145.508,3716245807.16,159847
2017-07-12,145.87,146.18,144.82,145.74,24884478,0.207,0.14%,143.5091,3619581527.09,148209
2017-07-11,144.73,145.85,144.38,145.53,19781836,0.463,0.32%,143.3023,2872405908.29,122331
2017-07-10,144.11,145.95,143.37,145.06,21090636,0.867,0.61%,142.8395,3056073924.60,130965
2017-07-07,142.90,144.75,142.90,144.18,19201712,1.428,1.02%,141.973,2766286382.54,119570
2017-07-06,143.02,143.50,142.41,142.73,24128782,-1.339,-0.94%,140.5452,3446422802.12,160143
2017-07-05,143.69,144.79,142.7237,144.09,21569557,0.581,0.41%,141.8844,3104727211.27,129492
2017-07-03,144.88,145.3001,143.10,143.50,14277848,-0.512,-0.36%,141.3034,2055772385.83,98823
2017-06-30,144.45,144.96,143.78,144.02,23024107,0.335,0.24%,141.8154,3323966129.25,131792
2017-06-29,144.71,145.13,142.28,143.68,31499368,-2.117,-1.47%,141.4806,4523666605.13,218929
2017-06-28,144.49,146.11,143.1601,145.83,22082432,2.068,1.46%,143.5977,3202495050.78,148164
2017-06-27,145.01,146.16,143.62,143.73,24761891,-2.058,-1.43%,141.5299,3585716866.22,163291
2017-06-26,147.17,148.28,145.38,145.82,25692361,-0.453,-0.31%,143.5879,3763722675.61,161368
2017-06-23,145.13,147.16,145.11,146.28,35439389,0.64,0.45%,144.0408,5185670225.64,129656
2017-06-22,145.77,146.70,145.1199,145.63,19106294,-0.236,-0.16%,143.4008,2784823972.59,119253
2017-06-21,145.52,146.0693,144.61,145.87,21265751,0.847,0.59%,143.6371,3094973444.23,128184
2017-06-20,146.87,146.87,144.94,145.01,24900073,-1.31,-0.91%,142.7903,3621752096.46,163502
2017-06-19,143.66,146.74,143.66,146.34,32541404,4.008,2.86%,144.0999,4742779922.96,194323
2017-06-16,143.78,144.50,142.20,142.27,50361093,-1.989,-1.40%,140.0922,7203584971.13,196677
2017-06-15,143.32,144.4798,142.21,144.29,32165373,-0.857,-0.60%,142.0813,4616061235.22,215382
2017-06-14,147.50,147.50,143.84,145.16,31531232,-1.408,-0.98%,142.938,4584096336.17,217291
2017-06-13,147.16,147.45,145.15,146.59,34165445,1.152,0.80%,144.3461,5000337855.21,209037
2017-06-12,145.74,146.09,142.51,145.42,72307330,-3.506,-2.39%,143.194,10432086456.02,455659
2017-06-09,155.19,155.19,146.02,148.98,64882657,-5.918,-3.88%,146.6995,9743835480.83,416036
2017-06-08,155.25,155.54,154.40,154.99,21250798,-0.374,-0.24%,152.6175,3291403667.25,132007
2017-06-07,155.02,155.98,154.48,155.37,21069647,0.906,0.60%,152.9917,3273008499.72,129499
2017-06-06,153.90,155.81,153.78,154.45,26624926,0.512,0.34%,152.0858,4117860204.77,151824
2017-06-05,154.34,154.45,153.46,153.93,25331662,-1.497,-0.98%,151.5737,3898256382.03,157954
2017-06-02,153.58,155.45,152.89,155.45,27770715,2.235,1.48%,153.0705,4294004956.41,167744
2017-06-01,153.17,153.33,152.22,153.18,16404088,0.414,0.27%,150.8352,2507922474.96,112148
2017-05-31,153.97,154.17,152.38,152.76,24451164,-0.896,-0.59%,150.4216,3739343798.02,131947
2017-05-30,153.42,154.43,153.33,153.67,20126851,0.059,0.04%,151.3177,3096480643.35,113955
2017-05-26,154.00,154.24,153.31,153.61,21927637,-0.256,-0.17%,151.2586,3369824759.99,109430
2017-05-25,153.73,154.35,153.03,153.87,19235598,0.522,0.35%,151.5147,2958331927.30,121650
2017-05-24,153.84,154.17,152.67,153.34,19219154,-0.453,-0.30%,150.9928,2945467232.33,115234
2017-05-23,154.90,154.90,153.31,153.80,19918871,-0.187,-0.12%,151.4457,3064152254.26,126254
2017-05-22,154.00,154.58,152.91,153.99,22966437,0.916,0.61%,151.6328,3531362415.19,128173
2017-05-19,153.38,153.98,152.63,153.06,26960788,0.512,0.34%,150.7171,4133600273.51,148520
2017-05-18,151.27,153.34,151.13,152.54,33568215,2.255,1.52%,150.205,5117739229.97,205659
2017-05-17,153.60,154.57,149.71,150.25,50767678,-5.14,-3.36%,147.9501,7692092806.70,320871
2017-05-16,155.94,156.06,154.72,155.47,20048478,-0.226,-0.15%,153.0902,3113684229.64,129337
2017-05-15,156.01,156.65,155.05,155.70,26009719,-0.394,-0.26%,153.3166,4046822476.11,141091
2017-05-12,154.70,156.42,154.67,156.10,32527017,2.117,1.40%,153.7105,5069161222.11,187418
2017-05-11,152.45,154.07,152.31,153.95,27255058,1.30,0.86%,151.5934,4175217516.09,137633
2017-05-10,153.63,153.94,152.11,153.26,25805692,-0.716,-0.47%,150.2936,3950291177.82,156839
2017-05-09,153.87,154.88,153.45,153.99,39130363,0.961,0.64%,151.0095,6030714180.45,221722
2017-05-08,149.03,153.70,149.03,153.01,48752413,3.972,2.72%,150.0484,7409940582.41,255929
2017-05-05,146.76,148.98,146.76,148.96,27327725,2.383,1.66%,146.0768,4050531276.91,157911
2017-05-04,146.52,147.14,145.81,146.53,23371872,-0.52,-0.36%,143.6938,3420036904.00,140290
2017-05-03,145.59,147.49,144.27,147.06,45697034,-0.441,-0.31%,144.2136,6680873560.33,282338
2017-05-02,147.54,148.09,146.84,147.51,45352194,0.912,0.63%,144.6549,6687244543.72,255534
2017-05-01,145.10,147.20,144.96,146.58,33602943,2.873,2.04%,143.7429,4915125020.18,184551
2017-04-28,144.09,144.30,143.27,143.65,20860358,-0.137,-0.10%,140.8696,2998203474.74,114787
2017-04-27,143.9225,144.16,143.31,143.79,14246347,0.108,0.08%,141.0069,2046887556.03,97491
2017-04-26,144.47,144.60,143.3762,143.68,20041241,-0.834,-0.59%,140.899,2886684638.99,130688
2017-04-25,143.91,144.90,143.87,144.53,18871501,0.873,0.62%,141.7326,2727024874.39,110709
2017-04-24,143.50,143.95,143.18,143.64,17134333,1.343,0.96%,140.8598,2461640103.89,108051
2017-04-21,142.44,142.68,141.85,142.27,17320928,-0.167,-0.12%,139.5163,2464067440.18,104117
2017-04-20,141.22,142.92,141.16,142.44,23319562,1.726,1.25%,139.683,3318223354.70,145300
2017-04-19,141.88,142.00,140.45,140.68,17328375,-0.51,-0.37%,137.9571,2446936246.78,114136
2017-04-18,141.41,142.04,141.11,141.20,14697544,-0.618,-0.44%,138.467,2079241414.04,100314
2017-04-17,141.48,141.88,140.87,141.83,16582094,0.765,0.55%,139.0848,2344888720.35,102343
2017-04-13,141.91,142.38,141.05,141.05,17822880,-0.735,-0.53%,138.3199,2527158501.00,117140
2017-04-12,141.60,142.15,141.01,141.80,20350000,0.167,0.12%,139.0554,2880327095.25,131856
2017-04-11,142.94,143.35,140.06,141.63,30379376,-1.51,-1.08%,138.8887,4296372172.70,194111
2017-04-10,143.60,143.8792,142.90,143.17,18933397,-0.167,-0.12%,140.3989,2714410184.45,112267
2017-04-07,143.73,144.18,143.27,143.34,16658543,-0.314,-0.22%,140.5656,2393962432.47,110190
2017-04-06,144.29,144.52,143.45,143.66,21149034,-0.353,-0.25%,140.8794,3043950791.53,124825
2017-04-05,144.22,145.46,143.81,144.02,27717854,-0.735,-0.52%,141.2324,4013352315.22,169567
2017-04-04,143.25,144.89,143.17,144.77,19891354,1.049,0.74%,141.9679,2869565655.42,123795
2017-04-03,143.71,144.12,143.05,143.70,19985714,0.039,0.03%,140.9186,2870771362.23,125531
2017-03-31,143.72,144.27,143.01,143.66,19661651,-0.265,-0.19%,140.8794,2827590850.19,109071
2017-03-30,144.19,144.50,143.50,143.93,21207252,-0.186,-0.13%,141.1442,3053298519.37,114211
2017-03-29,143.68,144.49,143.19,144.12,29189955,0.314,0.22%,141.3305,4198501915.96,160453
2017-03-28,140.91,144.04,140.62,143.80,33374805,2.863,2.07%,141.0167,4767332907.01,194597
2017-03-27,139.39,141.22,138.62,140.88,23575094,0.235,0.17%,138.1532,3309844252.93,137335
2017-03-24,141.50,141.74,140.35,140.64,22395563,-0.275,-0.20%,137.9178,3159483097.27,131777
2017-03-23,141.26,141.5844,140.61,140.92,20346301,-0.49,-0.35%,138.1924,2868824778.67,127779
2017-03-22,139.845,141.60,139.76,141.42,25860165,1.549,1.13%,138.6827,3642690227.81,151524
2017-03-21,142.11,142.80,139.73,139.84,39529912,-1.589,-1.15%,137.1333,5579085200.63,238152
2017-03-20,140.40,141.50,140.23,141.46,21542038,1.442,1.05%,138.722,3038342183.73,111763
2017-03-17,141.00,141.00,139.89,139.99,43884952,-0.686,-0.50%,137.2804,6164630016.94,122379
2017-03-16,140.72,141.02,140.26,140.69,19231998,0.226,0.16%,137.9669,2704515815.93,121226
2017-03-15,139.41,140.7501,139.025,140.46,25691774,1.442,1.06%,137.7413,3596141116.85,141147
2017-03-14,139.30,139.65,138.84,138.99,15309065,-0.206,-0.15%,136.2998,2129632810.61,98252
2017-03-13,138.85,139.43,138.82,139.20,17421717,0.059,0.04%,136.5057,2423794896.78,98286
2017-03-10,139.25,139.3571,138.64,139.14,19612801,0.451,0.33%,136.4469,2727627155.97,115140
2017-03-09,138.74,138.79,137.05,138.68,22155904,-0.314,-0.23%,135.9958,3064758824.22,129689
2017-03-08,138.95,139.80,138.82,139.00,18707236,-0.51,-0.37%,136.3096,2604533957.36,113167
2017-03-07,139.06,139.98,138.79,139.52,17446297,0.177,0.13%,136.8195,2433371106.26,110490
2017-03-06,139.365,139.77,138.5959,139.34,21750044,-0.431,-0.31%,136.643,3025832125.96,121046
2017-03-03,138.78,139.83,138.59,139.78,21571121,0.804,0.59%,137.0745,3006969528.90,120910
2017-03-02,140.00,140.2786,138.76,138.96,26210984,-0.814,-0.59%,136.2704,3653452813.03,157433
2017-03-01,137.89,140.15,137.595,139.79,36414585,2.746,2.04%,137.0843,5074406176.07,207465
2017-02-28,137.08,137.435,136.70,136.99,23482860,0.059,0.04%,134.3385,3218353508.39,126842
2017-02-27,137.14,137.435,136.28,136.93,20257426,0.265,0.20%,134.2797,2774762486.17,123050
2017-02-24,135.91,136.66,135.28,136.66,21776585,0.127,0.10%,134.0149,2961461490.66,127250
2017-02-23,137.38,137.48,136.30,136.53,20788186,-0.569,-0.42%,133.8874,2841582296.28,131711
2017-02-22,136.43,137.12,136.11,137.11,20836932,0.402,0.30%,134.4562,2848094258.44,105697
2017-02-21,136.23,136.75,135.98,136.70,24507156,0.961,0.72%,134.0541,3343171697.42,129421
2017-02-17,135.10,135.83,135.10,135.72,22198197,0.368,0.28%,133.0931,3006503823.30,115346
2017-02-16,135.67,135.90,134.8398,135.345,22584555,-0.162,-0.12%,132.7253,3054612601.70,135498
2017-02-15,135.52,136.27,134.62,135.51,35623100,0.481,0.36%,132.8871,4824014263.64,187393
2017-02-14,133.47,135.09,133.25,135.02,33226223,1.697,1.30%,132.4066,4463745596.61,170319
2017-02-13,133.08,133.82,132.75,133.29,23035421,1.147,0.89%,130.7101,3074768524.89,131063
2017-02-10,132.46,132.94,132.05,132.12,20065458,-0.294,-0.23%,129.5628,2655783137.02,109763
2017-02-09,131.65,132.445,131.12,132.42,28349859,0.932,0.72%,129.8569,3740622684.40,132031
2017-02-08,131.35,132.22,131.22,132.04,23004072,0.498,0.39%,128.9253,3028919429.51,124782
2017-02-07,130.54,132.09,130.45,131.53,38183841,1.211,0.95%,128.4274,5021654451.44,190021
2017-02-06,129.13,130.50,128.90,130.29,26845924,1.181,0.94%,127.2166,3492223889.01,150866
2017-02-03,128.31,129.19,128.16,129.08,24507301,0.537,0.43%,126.0351,3154797238.00,135276
2017-02-02,127.975,129.39,127.78,128.53,33710411,-0.215,-0.17%,125.4981,4328588156.13,190097
2017-02-01,127.03,130.49,127.01,128.75,111985040,7.225,6.10%,125.7129,14396537944.97,537175
2017-01-31,121.15,121.39,120.62,121.35,49200993,-0.273,-0.23%,118.4875,5956318215.51,246124
2017-01-30,120.93,121.63,120.66,121.63,30377503,-0.312,-0.26%,118.7609,3681166986.66,164889
2017-01-27,122.14,122.35,121.60,121.95,20562944,0.01,0.01%,119.0733,2507244470.83,110702
2017-01-26,121.67,122.44,121.60,121.94,26337576,0.059,0.05%,119.0636,3210906071.68,126534
2017-01-25,120.42,122.10,120.28,121.88,32586673,1.865,1.59%,119.005,3959012939.63,198925
2017-01-24,119.55,120.10,119.50,119.97,23211038,-0.107,-0.09%,117.14,2784265834.92,134783
2017-01-23,120.00,120.81,119.77,120.08,22050218,0.078,0.07%,117.2474,2648816570.99,128202
2017-01-20,120.45,120.45,119.7346,120.00,32597892,0.215,0.18%,117.1693,3911912343.91,148472
2017-01-19,119.40,120.09,119.37,119.78,25597291,-0.205,-0.18%,116.9545,3066113319.79,130086
2017-01-18,120.00,120.50,119.71,119.99,23712961,-0.01,-0.01%,117.1596,2846022797.31,126591
2017-01-17,118.34,120.24,118.22,120.00,34439843,0.937,0.81%,117.1693,4123813885.88,189139
2017-01-13,119.11,119.62,118.81,119.04,26111948,-0.205,-0.18%,116.232,3108953182.06,132987
2017-01-12,118.895,119.30,118.21,119.25,27086220,-0.488,-0.42%,116.437,3218263151.62,165856
2017-01-11,118.74,119.93,118.60,119.75,27588593,0.625,0.54%,116.9252,3289596926.98,153269
2017-01-10,118.77,119.38,118.30,119.11,24462051,0.117,0.10%,116.3003,2909879656.32,146177
2017-01-09,117.95,119.43,117.94,118.99,33561948,1.055,0.92%,116.1832,3992843775.97,184629
2017-01-06,116.78,118.16,116.47,117.91,31751900,1.269,1.11%,115.1286,3737801598.58,177885
2017-01-05,115.92,116.8642,115.81,116.61,22193587,0.576,0.51%,113.8593,2584402170.21,136222
2017-01-04,115.85,116.51,115.75,116.02,21118116,-0.127,-0.11%,113.2832,2452317652.68,129949
2017-01-03,115.80,116.33,114.76,116.15,28781865,0.322,0.28%,113.4101,3326691539.24,158511
2016-12-30,116.65,117.20,115.43,115.82,30586265,-0.889,-0.78%,113.0879,3546703092.21,158072
2016-12-29,116.45,117.1095,116.40,116.73,15039519,-0.029,-0.03%,113.9765,1755025555.50,95707
2016-12-28,117.52,118.0166,116.20,116.76,20905892,-0.488,-0.43%,114.0058,2447942392.43,122797
2016-12-27,116.52,117.80,116.49,117.26,18296855,0.723,0.64%,114.494,2148557599.88,109161
2016-12-23,115.59,116.52,115.59,116.52,14249484,0.225,0.20%,113.7714,1657318725.44,83709
2016-12-22,116.35,116.51,115.64,116.29,26085854,-0.752,-0.66%,113.5468,3028343963.20,131200
2016-12-21,116.80,117.40,116.78,117.06,23783165,0.107,0.09%,114.2987,2784239069.63,109918
2016-12-20,116.74,117.50,116.68,116.95,21424965,0.303,0.27%,114.1913,2506927784.46,109211
2016-12-19,115.80,117.38,115.75,116.64,27779423,0.654,0.58%,113.8886,3243301249.54,136348
2016-12-16,116.47,116.50,115.645,115.97,44351134,0.146,0.13%,113.2344,5147512537.51,154134
2016-12-15,115.38,116.73,115.23,115.82,46524544,0.615,0.55%,113.0879,5399339144.67,190831
2016-12-14,115.04,116.20,114.98,115.19,34031834,0.00,0.00%,112.4728,3933603564.72,209028
2016-12-13,113.84,115.92,113.75,115.19,43733811,1.845,1.67%,112.4728,5040135280.51,245488
2016-12-12,113.29,115.00,112.49,113.30,26374377,-0.635,-0.57%,110.6274,2979406421.59,161920
2016-12-09,112.31,114.70,112.31,113.95,34402627,1.787,1.63%,111.262,3917374500.47,190214
2016-12-08,110.86,112.43,110.60,112.12,27068316,1.064,0.98%,109.4752,3030633731.59,157686
2016-12-07,109.26,111.19,109.16,111.03,29998719,1.055,0.98%,108.4109,3309583774.74,184166
2016-12-06,109.50,110.36,109.19,109.95,26195462,0.82,0.77%,107.3564,2873773106.32,156035
2016-12-05,110.00,110.03,108.25,109.11,34324540,-0.771,-0.72%,106.5362,3746086143.39,202233
2016-12-02,109.17,110.09,108.85,109.90,26527997,0.40,0.37%,107.3076,2907753090.08,147420
2016-12-01,110.365,110.94,109.03,109.49,37086862,-1.006,-0.93%,106.9073,4072564094.86,220996
2016-11-30,111.60,112.20,110.27,110.52,36162258,-0.918,-0.84%,107.913,4008345060.88,178894
2016-11-29,110.78,112.03,110.07,111.46,28528750,-0.107,-0.10%,108.8308,3170392855.31,163353
2016-11-28,111.43,112.465,111.39,111.57,27193983,-0.215,-0.20%,108.9382,3039891028.68,135097
2016-11-25,111.13,111.87,110.95,111.79,11475922,0.547,0.50%,109.153,1279357531.43,66305
2016-11-23,111.36,111.51,110.33,111.23,27426394,-0.557,-0.51%,108.6062,3042618820.69,144679
2016-11-22,111.95,112.42,111.40,111.80,25965534,0.068,0.06%,109.1628,2903908594.41,131652
2016-11-21,110.12,111.99,110.01,111.73,29264571,1.631,1.52%,109.0944,3259046900.90,165486
2016-11-18,109.72,110.54,109.66,110.06,28428917,0.107,0.10%,107.4638,3126970609.73,145707
2016-11-17,109.81,110.35,108.83,109.95,27632003,-0.039,-0.04%,107.3564,3027184326.21,169946
2016-11-16,106.70,110.23,106.60,109.99,58840522,2.812,2.69%,107.3955,6423902574.29,226707
2016-11-15,106.57,107.68,106.1593,107.11,32264510,1.367,1.32%,104.5834,3452930727.75,192017
2016-11-14,107.71,107.809,104.08,105.71,51175504,-2.656,-2.51%,103.2164,5401396151.74,303637
2016-11-11,107.12,108.87,106.55,108.43,34143898,0.625,0.59%,105.8723,3690451922.02,213715
2016-11-10,111.09,111.09,105.83,107.79,57134541,-3.017,-2.79%,105.2474,6178430878.06,374411
2016-11-09,109.88,111.32,108.05,110.88,59176361,-0.176,-0.16%,108.2645,6491859954.95,338443
2016-11-08,110.31,111.72,109.70,111.06,24254179,0.635,0.59%,108.4402,2687219254.43,145064
2016-11-07,110.08,110.51,109.46,110.41,32560000,1.533,1.44%,107.8055,3583614422.08,176601
2016-11-04,108.53,110.25,108.11,108.84,30836997,-0.967,-0.90%,106.2726,3368337239.58,177297
2016-11-03,110.98,111.46,109.55,109.83,26932602,-1.162,-1.07%,107.2392,2969478973.10,158184
2016-11-02,111.40,112.35,111.23,111.59,28331709,0.097,0.09%,108.4012,3168806343.78,165460
2016-11-01,113.46,113.77,110.53,111.49,43825812,-1.991,-1.81%,108.304,4898934287.44,240676
2016-10-31,113.65,114.23,113.20,113.54,26419398,-0.175,-0.16%,110.2954,3003175610.54,137495
2016-10-28,113.87,115.21,113.45,113.72,37861662,-0.738,-0.66%,110.4703,4324922051.26,207759
2016-10-27,115.39,115.86,114.10,114.48,34562045,-1.078,-0.96%,111.2086,3969745786.18,153103
2016-10-26,114.31,115.70,113.31,115.59,66134219,-2.584,-2.25%,112.2869,7579683446.00,348953
2016-10-25,117.95,118.36,117.31,118.25,48128970,0.583,0.51%,114.8708,5669841877.81,257405
2016-10-24,117.10,117.74,117.00,117.65,23538673,1.02,0.90%,114.288,2763708221.53,130484
2016-10-21,116.81,116.91,116.28,116.60,23192665,-0.447,-0.39%,113.268,2704166842.76,122049
2016-10-20,116.86,117.38,116.33,117.06,24125801,-0.058,-0.05%,113.7148,2821283738.48,150410
2016-10-19,117.25,117.76,113.80,117.12,20034594,-0.34,-0.30%,113.7731,2349758198.74,124278
2016-10-18,118.18,118.21,117.45,117.47,24553478,-0.078,-0.07%,114.1131,2893919691.46,133017
2016-10-17,117.33,117.84,116.78,117.55,23624896,-0.078,-0.07%,114.1908,2769421204.38,135064
2016-10-14,117.88,118.17,117.13,117.63,35652191,0.631,0.56%,114.2686,4192904194.74,182551
2016-10-13,116.79,117.44,115.72,116.98,35192406,-0.35,-0.31%,113.6371,4102848550.85,201258
2016-10-12,117.35,117.98,116.75,117.34,37586787,1.01,0.89%,113.9868,4411498720.95,203125
2016-10-11,117.70,118.69,116.20,116.30,64041043,0.243,0.22%,112.9766,7507642197.85,322694
2016-10-10,115.02,116.75,114.72,116.05,36235956,1.933,1.74%,112.7337,4205276544.93,196563
2016-10-07,114.31,114.56,113.51,114.06,24358443,0.165,0.15%,110.8006,2778494395.89,134894
2016-10-06,113.70,114.34,113.13,113.89,28779313,0.816,0.74%,110.6354,3276605108.11,168294
2016-10-05,113.40,113.66,112.69,113.05,21453089,0.049,0.04%,109.8194,2426047862.76,127357
2016-10-04,113.06,114.31,112.63,113.00,29736835,0.466,0.43%,109.7709,3374208216.93,173331
2016-10-03,112.71,113.05,112.28,112.52,21701760,-0.515,-0.47%,109.3046,2443218038.95,131078
2016-09-30,112.46,113.37,111.80,113.05,36379106,0.845,0.78%,109.8194,4105189703.01,184108
2016-09-29,113.16,113.80,111.80,112.18,35886990,-1.719,-1.55%,108.9743,4037070730.08,211663
2016-09-28,113.69,114.64,113.43,113.95,29641085,0.835,0.76%,110.6937,3378625053.49,166494
2016-09-27,113.00,113.18,112.34,113.09,24607412,0.204,0.19%,109.8583,2777006953.83,138617
2016-09-26,111.64,113.39,111.55,112.88,29869442,0.165,0.15%,109.6543,3370807779.40,167141
2016-09-23,114.42,114.79,111.55,112.71,52481151,-1.855,-1.67%,109.4892,5936753975.17,283304
2016-09-22,114.35,114.94,114.00,114.62,31073984,1.039,0.94%,111.3446,3560198489.03,169948
2016-09-21,113.85,113.989,112.441,113.55,36003185,-0.019,-0.02%,110.3051,4074149685.19,186223
2016-09-20,113.05,114.12,112.51,113.57,34514269,-0.01,-0.01%,110.3246,3919142011.78,184349
2016-09-19,115.19,116.18,113.25,113.58,47023046,-1.302,-1.17%,110.3343,5373467968.24,242813
2016-09-16,115.12,116.13,114.04,114.92,79886911,-0.631,-0.56%,111.636,9185460776.53,316029
2016-09-15,113.86,115.73,113.49,115.57,90613177,3.691,3.40%,112.2674,10415414829.88,461592
2016-09-14,108.73,113.03,108.60,111.77,112340318,3.711,3.54%,108.576,12528648140.37,580555
2016-09-13,107.51,108.79,107.24,107.95,62176190,2.438,2.38%,104.8652,6722410574.69,337196
2016-09-12,102.65,105.72,102.53,105.44,45292770,2.244,2.24%,102.4269,4741263151.95,259269
2016-09-09,104.64,105.72,103.13,103.13,46556984,-2.322,-2.26%,100.1829,4845545582.82,275701
2016-09-08,107.25,107.27,105.24,105.52,53002026,-2.759,-2.62%,102.5046,5612099223.23,284025
2016-09-07,107.83,108.76,107.07,108.36,42364328,0.641,0.61%,105.2635,4565300935.44,240165
2016-09-06,107.90,108.30,107.51,107.70,26880391,-0.029,-0.03%,104.6223,2897715826.74,136405
2016-09-02,107.70,108.00,106.82,107.73,26802450,0.971,0.94%,104.6515,2880043917.13,149200
2016-09-01,106.14,106.80,105.62,106.73,26701523,0.612,0.59%,103.68,2838667454.06,151073
2016-08-31,105.66,106.5699,105.64,106.10,29662406,0.097,0.09%,103.068,3150359900.03,152279
2016-08-30,105.80,106.50,105.50,106.00,24863945,-0.797,-0.77%,102.9709,2634943294.03,154475
2016-08-29,106.62,107.44,106.29,106.82,24970300,-0.117,-0.11%,103.7675,2668553412.82,146775
2016-08-26,107.41,107.95,106.31,106.94,27766291,-0.612,-0.59%,103.884,2973619078.44,181356
2016-08-25,107.39,107.88,106.68,107.57,25086248,-0.447,-0.43%,104.496,2691062682.20,159113
2016-08-24,108.565,108.75,107.68,108.03,23675081,-0.797,-0.75%,104.9429,2559978482.68,140596
2016-08-23,108.59,109.32,108.53,108.85,21257669,0.33,0.31%,105.7395,2316903211.33,125053
2016-08-22,108.86,109.10,107.85,108.51,25820230,-0.826,-0.78%,105.4092,2800503406.53,159765
2016-08-19,108.77,109.69,108.36,109.36,25368072,0.272,0.26%,106.2349,2768274519.96,146695
2016-08-18,109.23,109.60,109.02,109.08,21984703,-0.136,-0.13%,105.9629,2402783950.16,120960
2016-08-17,109.10,109.37,108.34,109.22,25355976,-0.155,-0.15%,106.0989,2760839222.82,155182
2016-08-16,109.63,110.23,109.21,109.38,33794448,-0.097,-0.09%,106.2543,3708359673.85,178826
2016-08-15,108.14,109.54,108.08,109.48,25868209,1.263,1.20%,106.3515,2825228884.67,146990
2016-08-12,107.78,108.44,107.78,108.18,18660434,0.243,0.23%,105.0886,2017530557.29,114637
2016-08-11,108.52,108.93,107.85,107.93,27484506,-0.068,-0.06%,104.8457,2978902685.91,128938
2016-08-10,108.71,108.90,107.76,108.00,24008505,-0.787,-0.74%,104.9137,2596517919.08,133574
2016-08-09,108.23,108.94,108.01,108.81,26315204,0.427,0.41%,105.7006,2854674803.57,154394
2016-08-08,107.52,108.37,107.16,108.37,28037220,0.865,0.83%,105.2732,3024873086.72,143109
2016-08-05,106.27,107.65,106.18,107.48,40553402,1.564,1.52%,104.4086,4351344874.80,182166
2016-08-04,105.58,106.00,105.28,105.87,27408650,0.631,0.62%,102.8446,2897303570.04,147503
2016-08-03,104.81,105.84,104.77,105.79,30202641,1.266,1.25%,102.2132,3187773323.06,168033
2016-08-02,106.05,106.07,104.00,104.48,33816556,-1.517,-1.48%,100.9475,3542613512.81,199998
2016-08-01,104.41,106.15,104.41,106.05,38167871,1.778,1.77%,102.4644,4022912191.15,212313
2016-07-29,104.19,104.55,103.68,104.21,27733688,-0.126,-0.12%,100.6866,2887124761.41,152937
2016-07-28,102.83,104.45,102.82,104.34,39869839,1.343,1.35%,100.8122,4141657226.00,216364
2016-07-27,104.265,104.35,102.75,102.95,92344820,6.068,6.50%,99.4692,9557799222.06,484311
2016-07-26,96.82,97.97,96.42,96.67,56239822,-0.647,-0.69%,93.4015,5457503609.71,289094
2016-07-25,98.25,98.84,96.92,97.34,40382921,-1.275,-1.34%,94.0489,3944202720.87,224266
2016-07-22,99.26,99.30,98.31,98.66,28313669,-0.744,-0.77%,95.3243,2794002257.06,153516
2016-07-21,99.83,101.00,99.13,99.43,32702028,-0.512,-0.53%,96.0682,3267927163.98,169899
2016-07-20,100.00,100.46,99.735,99.96,26275968,0.087,0.09%,96.5803,2626933962.43,146681
2016-07-19,99.56,100.00,99.34,99.87,23779924,0.039,0.04%,96.4934,2372871512.27,134943
2016-07-18,98.70,100.13,98.60,99.83,36493867,1.014,1.06%,96.4547,3640928589.43,200056
2016-07-15,98.92,99.30,98.50,98.78,30136990,-0.01,-0.01%,95.4402,2979003940.95,157727
2016-07-14,97.39,98.99,97.32,98.79,38918997,1.855,1.98%,95.4499,3828308043.77,231502
2016-07-13,97.41,97.67,96.84,96.87,25892171,-0.531,-0.56%,93.5948,2514995690.08,144845
2016-07-12,97.17,97.70,97.12,97.42,24167463,0.425,0.45%,94.1262,2353791798.94,151231
2016-07-11,96.75,97.65,96.73,96.98,23794945,0.29,0.31%,93.7011,2313627260.64,144022
2016-07-08,96.49,96.89,96.05,96.68,28912103,0.715,0.77%,93.4112,2793533969.26,168669
2016-07-07,95.70,96.50,95.62,95.94,25139558,0.396,0.43%,92.6962,2414667467.63,143924
2016-07-06,94.60,95.66,94.37,95.53,30949090,0.522,0.57%,92.3001,2944370459.80,187588
2016-07-05,95.39,95.40,94.46,94.99,27705210,-0.87,-0.94%,91.7783,2626840367.97,153278
2016-07-01,95.49,96.465,95.33,95.89,26026540,0.28,0.30%,92.6479,2498437071.05,154609
2016-06-30,94.44,95.77,94.30,95.60,35836356,1.159,1.27%,92.3677,3413249996.93,204313
2016-06-29,93.97,94.55,93.63,94.40,36531006,0.783,0.87%,91.2083,3442341609.53,216409
2016-06-28,92.90,93.66,92.14,93.59,40444914,1.498,1.68%,90.4257,3756611822.68,240695
2016-06-27,93.00,93.05,91.50,92.04,46622188,-1.314,-1.46%,88.9281,4288478790.12,290019
2016-06-24,92.91,94.655,92.65,93.40,75311356,-2.609,-2.81%,90.2421,7048241068.11,379485
2016-06-23,95.94,96.29,95.25,96.10,32240187,0.531,0.58%,92.8508,3086414841.47,184293
2016-06-22,96.25,96.89,95.35,95.55,29219122,-0.348,-0.38%,92.3194,2806098908.19,181351
2016-06-21,94.94,96.35,94.676,95.91,35546358,0.783,0.85%,92.6672,3410602312.85,203067
2016-06-20,96.00,96.57,95.03,95.10,34411901,-0.222,-0.24%,91.8846,3299905295.71,200096
2016-06-17,96.62,96.65,95.30,95.33,61008219,-2.145,-2.28%,92.1068,5843191451.14,254399
2016-06-16,96.45,97.75,96.07,97.55,31326815,0.396,0.42%,94.2518,3035091297.43,190548
2016-06-15,97.82,98.41,97.03,97.14,29445227,-0.309,-0.33%,93.8557,2880475915.63,168201
2016-06-14,97.32,98.475,96.75,97.46,31931944,0.116,0.12%,94.1648,3110817392.69,196933
2016-06-13,98.69,99.12,97.10,97.34,38020494,-1.44,-1.51%,94.0489,3711225397.58,225987
2016-06-10,98.53,99.3457,98.48,98.83,31712936,-0.792,-0.82%,95.4885,3136114091.25,175475
2016-06-09,98.50,99.99,98.46,99.65,26601354,0.686,0.72%,96.2808,2648533512.07,159315
2016-06-08,99.02,99.56,98.68,98.94,20848131,-0.087,-0.09%,95.5948,2064349262.60,120752
2016-06-07,99.25,99.87,98.96,99.03,22409450,0.386,0.41%,95.6818,2226868616.03,130381
2016-06-06,97.99,101.89,97.55,98.63,23292504,0.686,0.73%,95.2953,2299350441.51,138145
2016-06-03,97.79,98.27,97.45,97.92,28504888,0.193,0.20%,94.6093,2790538231.71,159079
2016-06-02,97.60,97.84,96.63,97.72,40191600,-0.715,-0.75%,94.416,3911723994.81,221943
2016-06-01,99.02,99.54,98.33,98.46,29173285,-1.353,-1.40%,95.131,2887459344.63,168976
2016-05-31,99.60,100.40,98.82,99.86,42307212,-0.473,-0.49%,96.4837,4219283445.24,198665
2016-05-27,99.44,100.47,99.245,100.35,36341240,-0.058,-0.06%,96.9571,3631949812.63,186147
2016-05-26,99.68,100.73,98.64,100.41,56331159,0.763,0.79%,97.0151,5617524111.16,211642
2016-05-25,98.67,99.74,98.11,99.62,38642108,1.662,1.76%,96.2518,3829823033.52,214614
2016-05-24,97.22,98.09,96.84,97.90,35140174,1.42,1.52%,94.59,3428977686.96,199217
2016-05-23,95.87,97.19,95.67,96.43,38018643,1.169,1.27%,93.1697,3674302324.11,205677
2016-05-20,94.64,95.43,94.52,95.22,32025968,0.986,1.08%,92.0006,3043212364.41,171173
2016-05-19,94.64,94.64,93.57,94.20,30442100,-0.348,-0.38%,91.0151,2859965673.92,174532
2016-05-18,94.16,95.21,93.89,94.56,42062391,1.034,1.14%,91.3629,3977429535.56,241557
2016-05-17,94.55,94.70,93.01,93.49,46916939,-0.377,-0.42%,90.3291,4396707727.81,264264
2016-05-16,92.39,94.39,91.65,93.88,61259756,3.246,3.71%,90.7059,5723750780.68,341767
2016-05-13,90.00,91.67,90.00,90.52,44392765,0.174,0.20%,87.4595,4030494957.19,248042
2016-05-12,92.72,92.78,89.47,90.34,76314690,-2.097,-2.35%,87.2856,6905651506.93,432884
2016-05-11,93.48,93.57,92.46,92.51,28719109,-0.879,-0.97%,89.3822,2668266167.92,167020
2016-05-10,93.33,93.57,92.11,93.42,33686836,0.609,0.68%,90.2614,3131882188.46,194658
2016-05-09,93.00,93.77,92.59,92.79,32936436,0.068,0.08%,89.6527,3066977353.00,183323
2016-05-06,93.37,93.45,91.85,92.72,43699886,-0.502,-0.56%,89.5851,4043586984.68,233147
2016-05-05,94.00,94.07,92.68,93.24,35890500,-0.367,-0.41%,90.0875,3341552342.14,199731
2016-05-04,95.20,95.90,93.82,94.19,41025475,-0.951,-1.04%,90.4546,3876557727.38,225339
2016-05-03,94.20,95.74,93.68,95.18,56831277,1.479,1.64%,91.4054,5380470688.41,312303
2016-05-02,93.965,94.08,92.40,93.64,48160104,-0.096,-0.11%,89.9264,4485849240.47,270953
2016-04-29,93.99,94.72,92.51,93.74,68531478,-1.047,-1.15%,90.0225,6403392774.22,380731
2016-04-28,97.61,97.88,94.25,94.83,82242690,-2.871,-3.06%,91.0692,7906397548.96,473325
2016-04-27,96.00,98.71,95.68,97.82,114602142,-6.271,-6.26%,93.9407,11163298844.83,653478
2016-04-26,103.91,105.30,103.91,104.35,56016165,-0.701,-0.69%,100.2117,5853744922.57,312172
2016-04-25,105.00,105.65,104.51,105.08,28031588,-0.576,-0.57%,100.9128,2944307376.32,160516
2016-04-22,105.01,106.48,104.62,105.68,33683121,-0.278,-0.27%,101.489,3549536149.64,193377
2016-04-21,106.93,106.93,105.52,105.97,31552525,-1.114,-1.08%,101.7675,3345551205.31,184331
2016-04-20,106.64,108.09,106.06,107.13,30611030,0.211,0.21%,102.8815,3286575061.61,167268
2016-04-19,107.88,108.00,106.23,106.91,32384879,-0.547,-0.53%,102.6702,3464536557.59,191757
2016-04-18,108.89,108.95,106.94,107.48,60821461,-2.276,-2.16%,103.2176,6557404631.33,281039
2016-04-15,112.11,112.30,109.73,109.85,46938969,-2.161,-2.01%,105.4936,5197511669.86,227933
2016-04-14,111.62,112.39,111.33,112.10,25473923,0.058,0.05%,107.6544,2850651736.61,142191
2016-04-13,110.80,112.34,110.80,112.04,33257316,1.537,1.45%,107.5967,3720116907.29,192791
2016-04-12,109.34,110.50,108.66,110.44,27232325,1.364,1.30%,106.0602,2989507940.80,166945
2016-04-11,108.97,110.61,108.83,109.02,29407518,0.346,0.33%,104.6965,3229686369.41,167029
2016-04-08,108.91,109.77,108.17,108.66,23581740,0.115,0.11%,104.3508,2569039584.49,147766
2016-04-07,109.95,110.42,108.121,108.54,31801870,-2.324,-2.18%,104.2355,3471738657.30,182071
2016-04-06,110.23,110.98,109.20,110.96,26404077,1.104,1.05%,106.5596,2907883508.40,150638
2016-04-05,109.51,110.73,109.42,109.81,26578652,-1.258,-1.18%,105.4552,2924589893.26,162227
2016-04-04,110.42,112.19,110.27,111.12,37356204,1.085,1.03%,106.7132,4161216382.18,208852
2016-04-01,108.78,110.00,108.20,109.99,25873950,0.96,0.92%,105.628,2831748687.30,131201
2016-03-31,109.72,109.90,108.88,108.99,25888449,-0.547,-0.52%,104.6677,2829032286.14,135630
2016-03-30,108.65,110.42,108.60,109.56,45601149,1.805,1.75%,105.2151,4997038889.06,230967
2016-03-29,104.89,107.79,104.88,107.68,31190083,2.391,2.37%,103.4096,3334750322.44,175679
2016-03-28,106.00,106.19,105.06,105.19,19411372,-0.461,-0.45%,101.0184,2047037007.57,112800
2016-03-24,105.47,106.25,104.89,105.67,26132955,-0.442,-0.43%,101.4794,2756599975.21,143297
2016-03-23,106.48,107.07,105.90,106.13,25703495,-0.567,-0.55%,101.9211,2736966982.90,146398
2016-03-22,105.25,107.29,105.21,106.72,32444375,0.778,0.76%,102.4877,3463662616.99,174145
2016-03-21,105.93,107.65,105.1401,105.91,35502678,-0.01,-0.01%,101.7098,3771006268.51,208789
2016-03-18,106.34,106.50,105.19,105.92,44205171,0.115,0.11%,101.7194,4684543623.50,175169
2016-03-17,105.52,106.47,104.96,105.80,34420705,-0.163,-0.16%,101.6042,3641590977.05,175510
2016-03-16,104.61,106.31,104.59,105.97,38303493,1.335,1.33%,101.7675,4042775875.76,230350
2016-03-15,103.96,105.18,103.85,104.58,40067734,1.978,2.01%,100.4326,4192254633.69,225938
2016-03-14,101.91,102.91,101.78,102.52,25076062,0.25,0.25%,98.4543,2569146366.80,145486
2016-03-11,102.24,102.28,101.50,102.26,27408237,1.047,1.08%,98.2046,2795046182.69,155551
2016-03-10,101.41,102.24,100.15,101.17,33513577,0.048,0.05%,97.1578,3388376864.18,206151
2016-03-09,101.31,101.58,100.27,101.12,27201683,0.086,0.09%,97.1098,2747145677.92,169253
2016-03-08,100.78,101.76,100.40,101.03,31561889,-0.807,-0.82%,97.0234,3192063058.33,187694
2016-03-07,102.39,102.83,100.96,101.87,35915810,-1.095,-1.11%,97.8301,3659956046.53,211392
2016-03-04,102.37,103.75,101.37,103.01,46055100,1.45,1.49%,98.9248,4731336171.55,246867
2016-03-03,100.58,101.7099,100.45,101.50,36955742,0.72,0.74%,97.4747,3739762698.09,209595
2016-03-02,100.51,100.89,99.64,100.75,33169560,0.211,0.22%,96.7545,3323993253.85,190908
2016-03-01,97.65,100.77,97.42,100.53,50407147,3.688,3.97%,96.5432,5022655986.74,294798
2016-02-29,96.86,98.23,96.65,96.69,35216277,-0.211,-0.23%,92.8555,3430155533.47,175888
2016-02-26,97.20,98.0237,96.58,96.91,28991131,0.144,0.16%,93.0668,2819059658.04,172882
2016-02-25,96.05,96.76,95.25,96.76,27582659,0.634,0.69%,92.9227,2648805993.38,173261
2016-02-24,93.98,96.38,93.32,96.10,36255745,1.354,1.49%,92.2889,3436211759.03,220039
2016-02-23,96.40,96.50,94.55,94.69,31942633,-2.103,-2.26%,90.9348,3043473437.30,199766
2016-02-22,96.31,96.90,95.92,96.88,34280758,0.807,0.87%,93.0379,3304889884.41,187684
2016-02-19,96.00,96.7599,95.80,96.04,35374173,-0.211,-0.23%,92.2313,3404215108.71,188229
2016-02-18,98.84,98.89,96.091,96.26,39020983,-1.786,-1.90%,92.4425,3784152501.26,215837
2016-02-17,96.67,98.21,96.15,98.12,44863243,1.421,1.53%,94.2288,4370462597.20,243459
2016-02-16,95.02,96.85,94.61,96.64,49057916,2.545,2.82%,92.8075,4705369555.99,267846
2016-02-12,94.19,94.50,93.01,93.99,40351381,0.279,0.31%,90.2626,3782710150.07,244092
2016-02-11,93.79,94.72,92.59,93.70,50074711,-0.547,-0.60%,89.9841,4687001262.00,315319
2016-02-10,95.92,96.35,94.10,94.27,42343601,-0.691,-0.76%,90.5315,4034422974.01,265627
2016-02-09,94.29,95.94,93.93,94.99,44331195,-0.019,-0.02%,91.2229,4205890473.15,273873
2016-02-08,93.13,95.70,93.04,95.01,54021375,0.951,1.05%,91.2421,5090298194.45,353982
2016-02-05,96.52,96.92,93.69,94.02,46418064,-2.478,-2.67%,90.2914,4406813512.04,288659
2016-02-04,95.86,97.33,95.19,96.60,46471652,0.739,0.80%,92.7691,4476434996.00,265045
2016-02-03,95.00,96.84,94.08,96.35,45964294,1.786,1.98%,92.0296,4382596287.92,297829
2016-02-02,95.42,96.04,94.28,94.48,37357215,-1.863,-2.02%,90.2434,3552702115.63,237888
2016-02-01,96.47,96.71,95.40,96.43,40943541,-0.869,-0.93%,92.106,3939173985.26,236721
2016-01-29,94.79,97.34,94.35,97.34,64416504,3.104,3.45%,92.9752,6200554176.91,330871
2016-01-28,93.79,94.52,92.39,94.09,55678825,0.64,0.72%,89.8709,5212414738.78,338199
2016-01-27,96.04,96.6289,93.34,93.42,133369674,-6.275,-6.57%,89.231,12651875525.66,683984
2016-01-26,99.93,100.88,98.07,99.99,75077002,0.525,0.55%,95.5064,7488961130.45,402740
2016-01-25,101.52,101.53,99.21,99.44,51794525,-1.891,-1.95%,94.981,5200821367.18,281846
2016-01-22,98.63,101.46,98.37,101.42,65800467,4.89,5.32%,96.8722,6583353041.87,375472
2016-01-21,97.06,97.88,94.94,96.30,52161463,-0.468,-0.51%,91.9818,5041486718.67,301292
2016-01-20,95.10,98.1897,93.42,96.79,72334416,0.124,0.13%,92.4499,6887723020.12,431731
2016-01-19,98.41,98.65,95.50,96.66,53087747,-0.449,-0.48%,92.3257,5143142787.43,291407
2016-01-15,96.20,97.71,95.36,97.13,79833891,-2.283,-2.40%,92.7746,7718429197.50,447035
2016-01-14,97.96,100.48,95.74,99.52,63170127,2.034,2.19%,95.0574,6208997341.80,362787
2016-01-13,100.32,101.19,97.30,97.39,62439631,-2.455,-2.57%,93.023,6204790348.70,362023
2016-01-12,100.55,100.69,98.8399,99.96,49154227,1.366,1.45%,95.4777,4902826290.33,282834
2016-01-11,98.97,99.06,97.34,98.53,49739377,1.50,1.62%,94.1118,4881100893.71,292283
2016-01-08,98.55,99.11,96.76,96.96,70798016,0.487,0.53%,92.6122,6934524637.55,419818
2016-01-07,98.68,100.13,96.43,96.45,81094428,-4.059,-4.22%,92.1251,7956605915.63,462842
2016-01-06,100.56,102.37,99.87,100.70,68457388,-1.92,-1.96%,96.1845,6904516792.54,409185
2016-01-05,105.75,105.85,102.41,102.71,55790992,-2.522,-2.51%,98.1044,5770622366.92,321369
2016-01-04,102.61,105.368,102.00,105.35,67649387,0.086,0.09%,100.626,7031759788.62,351458
2015-12-31,107.01,107.03,104.82,105.26,40912316,-1.968,-1.92%,100.5401,4321676315.81,217796
2015-12-30,108.58,108.70,107.18,107.32,25213777,-1.356,-1.31%,102.5077,2714202303.63,140577
2015-12-29,106.96,109.43,106.86,108.74,30931243,1.834,1.80%,103.864,3351988862.47,174923
2015-12-28,107.59,107.69,106.1807,106.82,26704210,-1.156,-1.12%,102.0301,2853432081.15,157538
2015-12-24,109.00,109.00,107.95,108.03,13596680,-0.554,-0.53%,103.1858,1473226954.69,77469
2015-12-23,107.27,108.85,107.20,108.61,32657354,1.318,1.29%,103.7398,3537932780.06,170525
2015-12-22,107.40,107.72,106.451,107.23,32789367,-0.096,-0.09%,102.4217,3512685113.21,187172
2015-12-21,107.28,107.37,105.57,107.33,47590610,1.242,1.23%,102.5172,5075174250.38,240531
2015-12-18,108.91,109.52,105.81,106.03,96453327,-2.818,-2.71%,101.2755,10330723675.74,370260
2015-12-17,112.02,112.25,108.98,108.98,44772827,-2.254,-2.12%,104.0932,4928326129.20,255834
2015-12-16,111.07,111.99,108.80,111.34,56238467,0.812,0.77%,106.3474,6199790239.44,330150
2015-12-15,111.94,112.80,110.35,110.49,53323105,-1.901,-1.77%,105.5355,5948466816.77,310650
2015-12-14,112.18,112.68,109.79,112.48,65003609,-0.669,-0.62%,107.4363,7240583842.17,371160
2015-12-11,115.19,115.39,112.851,113.18,46886161,-2.856,-2.57%,108.1049,5330904368.29,273861
2015-12-10,116.04,116.94,115.51,116.17,29212727,0.525,0.48%,110.9608,3393641122.59,169280
2015-12-09,117.64,117.69,115.08,115.62,46361357,-2.493,-2.21%,110.4355,5383892602.77,242406
2015-12-08,117.52,118.60,116.86,118.23,34309450,-0.048,-0.04%,112.9285,4042507789.78,186356
2015-12-07,118.98,119.86,117.81,118.28,32084249,-0.716,-0.63%,112.9762,3802474427.59,190811
2015-12-04,115.29,119.25,115.11,119.03,57776977,3.658,3.32%,113.6926,6827696440.55,307789
2015-12-03,116.55,116.79,114.22,115.20,41569509,-1.032,-0.93%,110.0343,4799006557.40,245334
2015-12-02,117.05,118.11,116.08,116.28,33386563,-1.012,-0.90%,111.0659,3912526379.66,180619
2015-12-01,118.75,118.81,116.86,117.34,34852374,-0.917,-0.81%,112.0784,4104438652.29,187129
2015-11-30,117.99,119.41,117.75,118.30,39180322,0.468,0.42%,112.9953,4649024874.44,178081
2015-11-27,118.29,118.41,117.60,117.81,13046445,-0.21,-0.19%,112.5273,1538550481.12,75073
2015-11-25,119.21,119.23,117.92,118.03,21388308,-0.812,-0.72%,112.7374,2531068584.92,122010
2015-11-24,117.33,119.35,117.12,118.88,42803172,1.079,0.96%,113.5493,5077163949.65,216636
2015-11-23,119.27,119.73,117.34,117.75,32482528,-1.48,-1.30%,112.47,3844447220.98,166931
2015-11-20,119.20,119.92,118.85,119.30,34287096,0.497,0.44%,113.9505,4092604399.60,176151
2015-11-19,117.64,119.75,116.76,118.78,43295820,1.423,1.27%,113.4538,5134381241.16,221289
2015-11-18,115.76,117.49,115.50,117.29,46674697,3.439,3.17%,112.0306,5453510337.48,240488
2015-11-17,114.92,115.05,113.32,113.69,27616939,-0.463,-0.42%,108.5921,3151455957.88,150014
2015-11-16,111.38,114.24,111.00,114.175,38106701,1.753,1.63%,109.0553,4315988695.73,206036
2015-11-13,115.20,115.57,112.27,112.34,45812403,-3.228,-2.92%,107.3026,5198004206.29,248481
2015-11-12,116.26,116.82,115.65,115.72,32525579,-0.373,-0.34%,110.531,3774315869.66,177106
2015-11-11,116.37,117.42,115.21,116.11,45217971,-0.63,-0.57%,110.9035,5259163613.93,230434
2015-11-10,116.90,118.07,116.061,116.77,59127931,-3.63,-3.15%,111.5339,6920816828.97,305859
2015-11-09,120.96,121.81,120.05,120.57,33871405,-0.468,-0.40%,115.1635,4091066403.36,178247
2015-11-06,121.11,121.81,120.62,121.06,33042283,0.134,0.12%,115.6316,4003952600.57,176900
2015-11-05,121.85,122.69,120.18,120.92,39552680,-0.535,-0.46%,115.4979,4793105182.30,197484
2015-11-04,123.13,123.82,121.62,122.00,44886050,-0.542,-0.47%,116.0328,5499699813.49,214471
2015-11-03,120.79,123.49,120.70,122.57,45518976,1.322,1.15%,116.5749,5576218217.89,223070
2015-11-02,119.87,121.36,119.61,121.18,32203267,1.598,1.41%,115.2529,3887659608.88,177879
2015-10-30,120.99,121.22,119.45,119.50,49365254,-0.98,-0.85%,113.6551,5938557764.32,241315
2015-10-29,118.70,120.69,118.27,120.53,51227334,1.198,1.06%,114.6347,6123961653.70,254852
2015-10-28,116.93,119.30,116.06,119.27,85551352,4.489,4.12%,113.4363,10058118376.66,406081
2015-10-27,115.40,116.54,113.99,114.55,69884400,-0.694,-0.63%,108.9472,8053483986.52,343660
2015-10-26,118.08,118.13,114.92,115.28,66333781,-3.614,-3.19%,109.6415,7683470509.42,332134
2015-10-23,116.70,119.228,116.33,119.08,59366914,3.405,3.10%,113.2556,7022395185.51,299218
2015-10-22,114.33,115.50,114.10,115.50,41654089,1.655,1.53%,109.8507,4788194721.61,232443
2015-10-21,114.00,115.58,113.70,113.76,42326974,-0.01,-0.01%,108.1958,4846745816.83,217788
2015-10-20,111.34,114.17,110.82,113.77,48967763,1.94,1.83%,108.2053,5545257805.47,247952
2015-10-19,110.80,111.75,110.11,111.73,29759153,0.656,0.62%,106.2651,3307938348.58,152733
2015-10-16,111.78,112.00,110.53,111.04,39232609,-0.78,-0.73%,105.6088,4363351946.04,190510
2015-10-15,110.93,112.10,110.49,111.86,37673452,1.569,1.50%,106.3887,4199252151.39,198771
2015-10-14,111.29,111.52,109.56,110.21,44462449,-1.503,-1.41%,104.8194,4904040145.57,240498
2015-10-13,110.82,112.45,110.68,111.79,33049256,0.181,0.17%,106.3222,3694742731.24,177793
2015-10-12,112.73,112.75,111.44,111.60,30467204,-0.495,-0.46%,106.1415,3409882220.49,168023
2015-10-09,110.00,112.28,109.49,112.12,52766140,2.492,2.39%,106.636,5879459815.01,283112
2015-10-08,110.19,110.19,108.21,109.50,61979577,-1.217,-1.16%,104.1442,6762710337.36,329725
2015-10-07,111.74,111.77,109.41,110.78,46765550,-0.504,-0.48%,105.3616,5164952143.80,260827
2015-10-06,110.63,111.74,109.765,111.31,48856977,0.504,0.48%,105.8656,5416067300.96,262678
2015-10-05,109.88,111.3698,109.07,110.78,52064743,0.38,0.36%,105.3616,5734135527.72,273911
2015-10-02,108.01,111.0136,107.55,110.38,58019758,0.761,0.73%,104.9811,6347593140.07,326210
2015-10-01,109.07,109.62,107.31,109.58,63929100,-0.685,-0.65%,104.2203,6930552708.13,348071
2015-09-30,110.17,111.54,108.73,110.30,66473033,1.179,1.14%,104.905,7312591471.69,348384
2015-09-29,112.83,113.51,107.86,109.06,73365384,-3.215,-3.01%,103.7257,8115092882.12,426871
2015-09-28,113.85,114.57,112.44,112.44,52109011,-2.159,-1.98%,106.9404,5893115138.01,296833
2015-09-25,116.44,116.69,114.02,114.71,56151926,-0.276,-0.25%,109.0993,6475011442.52,303677
2015-09-24,113.25,115.50,112.37,115.00,50219475,0.647,0.59%,109.3752,5717853278.50,272453
2015-09-23,113.63,114.72,113.30,114.32,35756716,0.875,0.81%,108.7284,4077960134.77,201269
2015-09-22,113.38,114.18,112.5201,113.40,50346159,-1.721,-1.57%,107.8534,5702665779.81,278319
2015-09-21,113.67,115.37,113.66,115.21,50221965,1.674,1.55%,109.5749,5754059600.50,252459
2015-09-18,112.21,114.30,111.87,113.45,74285291,-0.447,-0.41%,107.901,8419752726.19,324117
2015-09-17,115.66,116.49,113.715,113.92,64112641,-2.368,-2.14%,108.348,7389706925.11,386252
2015-09-16,116.25,116.54,115.44,116.41,37173489,0.124,0.11%,110.7162,4315312090.47,207729
2015-09-15,115.93,116.53,114.42,116.28,43341155,0.923,0.84%,110.5926,5020565195.14,250618
2015-09-14,116.58,116.89,114.86,115.31,58363431,1.046,0.96%,109.67,6755019105.63,330316
2015-09-11,111.79,114.21,111.76,114.21,49915473,1.56,1.46%,108.6238,5643716514.85,273603
2015-09-10,110.27,113.2825,109.90,112.57,62892831,2.302,2.20%,107.064,7048179130.80,359024
2015-09-09,113.76,114.02,109.77,110.15,85010804,-2.054,-1.92%,104.7624,9526811239.85,511298
2015-09-08,111.65,112.56,110.32,112.31,54843626,2.891,2.78%,106.8167,6124295962.03,311222
2015-09-04,108.97,110.45,108.51,109.27,49996311,-1.046,-1.00%,103.9254,5464023784.58,321970
2015-09-03,112.49,112.78,110.04,110.37,53233940,-1.874,-1.75%,104.9716,5924989212.16,321563
2015-09-02,110.00,112.34,109.131,112.34,61888812,4.394,4.29%,106.8453,6840264473.96,311897
2015-09-01,110.18,111.88,107.36,107.72,76845860,-4.793,-4.47%,102.4512,8440978724.14,439344
2015-08-31,112.13,114.53,112.00,112.76,56229271,-0.504,-0.47%,107.2447,6361444706.94,273609
2015-08-28,112.17,113.31,111.54,113.29,53164407,0.352,0.33%,107.7488,5983723546.89,277958
2015-08-27,112.25,113.24,110.02,112.92,84616056,3.072,2.94%,107.3969,9467142109.18,456815
2015-08-26,107.085,109.89,105.05,109.69,96774611,5.659,5.74%,104.3249,10388478296.11,534097
2015-08-25,111.11,111.11,103.50,103.74,103601599,0.59,0.60%,98.6659,11179858859.34,564257
2015-08-24,94.87,108.80,92.00,103.12,162206292,-2.511,-2.50%,98.0762,16751937369.30,796523
2015-08-21,110.43,111.90,105.645,105.76,128275471,-6.553,-6.12%,100.5871,13893396711.27,711442
2015-08-20,114.08,114.35,111.63,112.65,68501622,-2.245,-2.05%,107.1401,7723636725.87,359785
2015-08-19,116.10,116.52,114.68,115.01,48286510,-1.417,-1.28%,109.3847,5573118746.10,250307
2015-08-18,116.43,117.44,116.01,116.50,34560708,-0.628,-0.56%,110.8018,4034258346.33,178879
2015-08-17,116.04,117.65,115.50,117.16,40884745,1.141,1.03%,111.4295,4781233918.88,211669
2015-08-14,114.32,116.31,114.01,115.96,42929516,0.77,0.70%,110.2882,4949725843.54,229241
2015-08-13,116.04,116.40,114.54,115.15,48535789,-0.086,-0.08%,109.5178,5610155167.22,259230
2015-08-12,112.53,115.42,109.63,115.24,101685610,1.664,1.54%,109.6034,11483089419.32,579309
2015-08-11,117.81,118.18,113.33,113.49,97082814,-5.925,-5.20%,107.939,11170346637.18,483102
2015-08-10,116.53,119.99,116.53,119.72,54951597,3.995,3.64%,113.8643,6529438876.16,279770
2015-08-07,114.58,116.25,114.50,115.52,38670405,0.371,0.34%,109.8697,4460132561.88,230858
2015-08-06,115.97,116.50,114.115,115.13,52903040,0.238,0.22%,109.4988,6083833305.86,293112
2015-08-05,112.95,117.44,112.10,115.40,99312613,0.72,0.66%,109.261,11465722507.88,505504
2015-08-04,117.42,117.70,113.25,114.64,124138623,-3.598,-3.21%,108.5415,14281900298.90,648032
2015-08-03,121.50,122.57,117.52,118.44,69975968,-2.708,-2.36%,112.1393,8357353085.92,389307
2015-07-31,122.60,122.6425,120.91,121.30,42884953,-1.013,-0.87%,114.8472,5206805936.98,224272
2015-07-30,122.32,122.5699,121.71,122.37,33628268,-0.587,-0.50%,115.8602,4108374917.48,185581
2015-07-29,123.15,123.50,122.27,122.99,37011653,-0.369,-0.32%,116.4473,4545619510.69,177799
2015-07-28,123.38,123.91,122.55,123.38,33618097,0.578,0.50%,116.8165,4145481260.02,189983
2015-07-27,123.09,123.61,122.12,122.77,44455540,-1.638,-1.39%,116.239,5461864591.95,240924
2015-07-24,125.32,125.74,123.90,124.50,42162332,-0.625,-0.53%,117.8769,5260924842.81,220565
2015-07-23,126.20,127.09,125.06,125.16,50999452,-0.057,-0.05%,118.5018,6428919672.89,251585
2015-07-22,121.99,125.50,121.99,125.22,115450607,-5.236,-4.23%,118.5586,14345881111.66,609657
2015-07-21,132.85,132.92,130.32,130.75,76756427,-1.25,-1.00%,123.7945,10065496654.46,374981
2015-07-20,130.97,132.97,130.70,132.07,58900203,2.32,1.89%,125.0442,7773452241.96,263115
2015-07-17,129.08,129.62,128.31,129.62,46164710,1.051,0.86%,122.7246,5961116463.42,209382
2015-07-16,127.74,128.57,127.35,128.51,36222447,1.60,1.33%,121.6736,4637453178.08,178675
2015-07-15,125.72,127.15,125.58,126.82,33649200,1.146,0.96%,120.0735,4259774576.49,162270
2015-07-14,126.04,126.37,125.04,125.61,31768139,-0.047,-0.04%,118.9279,3994372230.68,166302
2015-07-13,125.03,125.755,124.32,125.66,41440538,2.253,1.93%,118.9752,5187187853.32,186000
2015-07-10,121.94,123.85,121.21,123.28,61354474,3.039,2.67%,116.7218,7535186958.68,297300
2015-07-09,123.85,124.06,119.22,120.07,78595038,-2.367,-2.04%,113.6826,9559219583.36,413595
2015-07-08,124.48,124.64,122.54,122.57,60761614,-2.954,-2.48%,116.0496,7500784764.10,331934
2015-07-07,125.89,126.15,123.77,125.69,46946811,-0.294,-0.25%,119.0036,5867424832.74,248490
2015-07-06,124.94,126.23,124.85,126.00,28060431,-0.417,-0.35%,119.2971,3525785719.14,151377
2015-07-02,126.43,126.69,125.77,126.44,27210952,-0.151,-0.13%,119.7137,3434184482.94,135866
2015-07-01,126.90,126.94,125.99,126.60,30238811,1.112,0.94%,119.8652,3823689456.23,165320
